force	batch	feat_col	ratio_numerator	ratio_denominator	level	output
	JAL_FASILOX_iTR_ALL	ScanIdentifier	q_reporterIon_113	"q_reporterIon_113 , q_reporterIon_114 , q_reporterIon_115 , q_reporterIon_116, q_reporterIon_117 , q_reporterIon_118 , q_reporterIon_119 , q_reporterIon_121"	uscan	c1
	JAL_FASILOX_iTR_ALL	ScanIdentifier	q_reporterIon_114	"q_reporterIon_113 , q_reporterIon_114 , q_reporterIon_115 , q_reporterIon_116, q_reporterIon_117 , q_reporterIon_118 , q_reporterIon_119 , q_reporterIon_121"	uscan	c2
	JAL_FASILOX_iTR_ALL	ScanIdentifier	q_reporterIon_115	"q_reporterIon_113 , q_reporterIon_114 , q_reporterIon_115 , q_reporterIon_116, q_reporterIon_117 , q_reporterIon_118 , q_reporterIon_119 , q_reporterIon_121"	uscan	c3
	JAL_FASILOX_iTR_ALL	ScanIdentifier	q_reporterIon_116	"q_reporterIon_113 , q_reporterIon_114 , q_reporterIon_115 , q_reporterIon_116, q_reporterIon_117 , q_reporterIon_118 , q_reporterIon_119 , q_reporterIon_121"	uscan	c4
	JAL_FASILOX_iTR_ALL	ScanIdentifier	q_reporterIon_117	"q_reporterIon_113 , q_reporterIon_114 , q_reporterIon_115 , q_reporterIon_116, q_reporterIon_117 , q_reporterIon_118 , q_reporterIon_119 , q_reporterIon_121"	uscan	t1
	JAL_FASILOX_iTR_ALL	ScanIdentifier	q_reporterIon_118	"q_reporterIon_113 , q_reporterIon_114 , q_reporterIon_115 , q_reporterIon_116, q_reporterIon_117 , q_reporterIon_118 , q_reporterIon_119 , q_reporterIon_121"	uscan	t2
	JAL_FASILOX_iTR_ALL	ScanIdentifier	q_reporterIon_119	"q_reporterIon_113 , q_reporterIon_114 , q_reporterIon_115 , q_reporterIon_116, q_reporterIon_117 , q_reporterIon_118 , q_reporterIon_119 , q_reporterIon_121"	uscan	t3
	JAL_FASILOX_iTR_ALL	ScanIdentifier	q_reporterIon_121	"q_reporterIon_113 , q_reporterIon_114 , q_reporterIon_115 , q_reporterIon_116, q_reporterIon_117 , q_reporterIon_118 , q_reporterIon_119 , q_reporterIon_121"	uscan	t4
