force	batch	feat_col	ratio_numerator	ratio_denominator	output	p>q_tag	c>a_tag	s>p_fdr	p>q_fdr	q>c_fdr	s>p_var(x)	p>q_var(x)	q>c_var(x)	more_params
	VSMC	Scan_Id	Abundance: 114	Abundance: 113	2h-AngII									
	VSMC	Scan_Id	Abundance: 115	Abundance: 113	4h-AngII									
	VSMC	Scan_Id	Abundance: 116	Abundance: 113	6h-AngII									
	VSMC	Scan_Id	Abundance: 117	Abundance: 113	6h-Control									
	VSMC	Scan_Id	Abundance: 118	Abundance: 113	8h-AngII									
	VSMC	Scan_Id	Abundance: 119	Abundance: 113	10h-AngII									
