"force"	"batch"	"feat_col"	"ratio_numerator"	"ratio_denominator"	"level"	"output"
	SC_thermo_myc_control_1	ScanId	Abundance: 126	Abundance: 126,Abundance: 127N, Abundance: 127C,Abundance: 128N,Abundance: 128C, Abundance: 129N, Abundance: 129C, Abundance: 130C	uscan	CTRL_1
	SC_thermo_myc_control_1	ScanId	Abundance: 127N	Abundance: 126,Abundance: 127N, Abundance: 127C,Abundance: 128N,Abundance: 128C, Abundance: 129N, Abundance: 129C, Abundance: 130C	uscan	MYC_1
	SC_thermo_myc_control_1	ScanId	Abundance: 127C	Abundance: 126,Abundance: 127N, Abundance: 127C,Abundance: 128N,Abundance: 128C, Abundance: 129N, Abundance: 129C, Abundance: 130C	uscan	CTRL_2
	SC_thermo_myc_control_1	ScanId	Abundance: 128N	Abundance: 126,Abundance: 127N, Abundance: 127C,Abundance: 128N,Abundance: 128C, Abundance: 129N, Abundance: 129C, Abundance: 130C	uscan	MYC_2
	SC_thermo_myc_control_1	ScanId	Abundance: 128C	Abundance: 126,Abundance: 127N, Abundance: 127C,Abundance: 128N,Abundance: 128C, Abundance: 129N, Abundance: 129C, Abundance: 130C	uscan	CTRL_3
	SC_thermo_myc_control_1	ScanId	Abundance: 129N	Abundance: 126,Abundance: 127N, Abundance: 127C,Abundance: 128N,Abundance: 128C, Abundance: 129N, Abundance: 129C, Abundance: 130C	uscan	MYC_3
	SC_thermo_myc_control_1	ScanId	Abundance: 129C	Abundance: 126,Abundance: 127N, Abundance: 127C,Abundance: 128N,Abundance: 128C, Abundance: 129N, Abundance: 129C, Abundance: 130C	uscan	CTRL_4
	SC_thermo_myc_control_1	ScanId	Abundance: 130N	Abundance: 126,Abundance: 127N, Abundance: 127C,Abundance: 128N,Abundance: 128C, Abundance: 129N, Abundance: 129C, Abundance: 130C	uscan	EMPTY_1
	SC_thermo_myc_control_1	ScanId	Abundance: 130C	Abundance: 126,Abundance: 127N, Abundance: 127C,Abundance: 128N,Abundance: 128C, Abundance: 129N, Abundance: 129C, Abundance: 130C	uscan	MYC_4
	SC_thermo_myc_control_1	ScanId	Abundance: 131	Abundance: 126,Abundance: 127N, Abundance: 127C,Abundance: 128N,Abundance: 128C, Abundance: 129N, Abundance: 129C, Abundance: 130C	uscan	CARRIER_1
	SC_thermo_myc_control_2	ScanId	Abundance: 126	Abundance: 126,Abundance: 127N, Abundance: 127C,Abundance: 128N,Abundance: 128C, Abundance: 129N, Abundance: 129C, Abundance: 130C	uscan	MYC_5
	SC_thermo_myc_control_2	ScanId	Abundance: 127N	Abundance: 126,Abundance: 127N, Abundance: 127C,Abundance: 128N,Abundance: 128C, Abundance: 129N, Abundance: 129C, Abundance: 130C	uscan	CTRL_5
	SC_thermo_myc_control_2	ScanId	Abundance: 127C	Abundance: 126,Abundance: 127N, Abundance: 127C,Abundance: 128N,Abundance: 128C, Abundance: 129N, Abundance: 129C, Abundance: 130C	uscan	MYC_6
	SC_thermo_myc_control_2	ScanId	Abundance: 128N	Abundance: 126,Abundance: 127N, Abundance: 127C,Abundance: 128N,Abundance: 128C, Abundance: 129N, Abundance: 129C, Abundance: 130C	uscan	CTRL_6
	SC_thermo_myc_control_2	ScanId	Abundance: 128C	Abundance: 126,Abundance: 127N, Abundance: 127C,Abundance: 128N,Abundance: 128C, Abundance: 129N, Abundance: 129C, Abundance: 130C	uscan	MYC_7
	SC_thermo_myc_control_2	ScanId	Abundance: 129N	Abundance: 126,Abundance: 127N, Abundance: 127C,Abundance: 128N,Abundance: 128C, Abundance: 129N, Abundance: 129C, Abundance: 130C	uscan	CTRL_7
	SC_thermo_myc_control_2	ScanId	Abundance: 129C	Abundance: 126,Abundance: 127N, Abundance: 127C,Abundance: 128N,Abundance: 128C, Abundance: 129N, Abundance: 129C, Abundance: 130C	uscan	MYC_8
	SC_thermo_myc_control_2	ScanId	Abundance: 130N	Abundance: 126,Abundance: 127N, Abundance: 127C,Abundance: 128N,Abundance: 128C, Abundance: 129N, Abundance: 129C, Abundance: 130C	uscan	EMPTY_2
	SC_thermo_myc_control_2	ScanId	Abundance: 130C	Abundance: 126,Abundance: 127N, Abundance: 127C,Abundance: 128N,Abundance: 128C, Abundance: 129N, Abundance: 129C, Abundance: 130C	uscan	CTRL_8
	SC_thermo_myc_control_2	ScanId	Abundance: 131	Abundance: 126,Abundance: 127N, Abundance: 127C,Abundance: 128N,Abundance: 128C, Abundance: 129N, Abundance: 129C, Abundance: 130C	uscan	CARRIER_2
	SC_thermo_myc_control_3	ScanId	Abundance: 126	Abundance: 126,Abundance: 127N, Abundance: 127C,Abundance: 128N,Abundance: 128C, Abundance: 129N, Abundance: 129C, Abundance: 130C	uscan	CTRL_9
	SC_thermo_myc_control_3	ScanId	Abundance: 127N	Abundance: 126,Abundance: 127N, Abundance: 127C,Abundance: 128N,Abundance: 128C, Abundance: 129N, Abundance: 129C, Abundance: 130C	uscan	MYC_9
	SC_thermo_myc_control_3	ScanId	Abundance: 127C	Abundance: 126,Abundance: 127N, Abundance: 127C,Abundance: 128N,Abundance: 128C, Abundance: 129N, Abundance: 129C, Abundance: 130C	uscan	CTRL_10
	SC_thermo_myc_control_3	ScanId	Abundance: 128N	Abundance: 126,Abundance: 127N, Abundance: 127C,Abundance: 128N,Abundance: 128C, Abundance: 129N, Abundance: 129C, Abundance: 130C	uscan	MYC_10
	SC_thermo_myc_control_3	ScanId	Abundance: 128C	Abundance: 126,Abundance: 127N, Abundance: 127C,Abundance: 128N,Abundance: 128C, Abundance: 129N, Abundance: 129C, Abundance: 130C	uscan	CTRL_11
	SC_thermo_myc_control_3	ScanId	Abundance: 129N	Abundance: 126,Abundance: 127N, Abundance: 127C,Abundance: 128N,Abundance: 128C, Abundance: 129N, Abundance: 129C, Abundance: 130C	uscan	MYC_11
	SC_thermo_myc_control_3	ScanId	Abundance: 129C	Abundance: 126,Abundance: 127N, Abundance: 127C,Abundance: 128N,Abundance: 128C, Abundance: 129N, Abundance: 129C, Abundance: 130C	uscan	CTRL_12
	SC_thermo_myc_control_3	ScanId	Abundance: 130N	Abundance: 126,Abundance: 127N, Abundance: 127C,Abundance: 128N,Abundance: 128C, Abundance: 129N, Abundance: 129C, Abundance: 130C	uscan	EMPTY_3
	SC_thermo_myc_control_3	ScanId	Abundance: 130C	Abundance: 126,Abundance: 127N, Abundance: 127C,Abundance: 128N,Abundance: 128C, Abundance: 129N, Abundance: 129C, Abundance: 130C	uscan	MYC_12
	SC_thermo_myc_control_3	ScanId	Abundance: 131	Abundance: 126,Abundance: 127N, Abundance: 127C,Abundance: 128N,Abundance: 128C, Abundance: 129N, Abundance: 129C, Abundance: 130C	uscan	CARRIER_3
	SC_thermo_myc_control_4	ScanId	Abundance: 126	Abundance: 126,Abundance: 127N, Abundance: 127C,Abundance: 128N,Abundance: 128C, Abundance: 129N, Abundance: 129C, Abundance: 130C	uscan	MYC_13
	SC_thermo_myc_control_4	ScanId	Abundance: 127N	Abundance: 126,Abundance: 127N, Abundance: 127C,Abundance: 128N,Abundance: 128C, Abundance: 129N, Abundance: 129C, Abundance: 130C	uscan	CTRL_13
	SC_thermo_myc_control_4	ScanId	Abundance: 127C	Abundance: 126,Abundance: 127N, Abundance: 127C,Abundance: 128N,Abundance: 128C, Abundance: 129N, Abundance: 129C, Abundance: 130C	uscan	MYC_14
	SC_thermo_myc_control_4	ScanId	Abundance: 128N	Abundance: 126,Abundance: 127N, Abundance: 127C,Abundance: 128N,Abundance: 128C, Abundance: 129N, Abundance: 129C, Abundance: 130C	uscan	CTRL_14
	SC_thermo_myc_control_4	ScanId	Abundance: 128C	Abundance: 126,Abundance: 127N, Abundance: 127C,Abundance: 128N,Abundance: 128C, Abundance: 129N, Abundance: 129C, Abundance: 130C	uscan	MYC_15
	SC_thermo_myc_control_4	ScanId	Abundance: 129N	Abundance: 126,Abundance: 127N, Abundance: 127C,Abundance: 128N,Abundance: 128C, Abundance: 129N, Abundance: 129C, Abundance: 130C	uscan	CTRL_15
	SC_thermo_myc_control_4	ScanId	Abundance: 129C	Abundance: 126,Abundance: 127N, Abundance: 127C,Abundance: 128N,Abundance: 128C, Abundance: 129N, Abundance: 129C, Abundance: 130C	uscan	MYC_16
	SC_thermo_myc_control_4	ScanId	Abundance: 130N	Abundance: 126,Abundance: 127N, Abundance: 127C,Abundance: 128N,Abundance: 128C, Abundance: 129N, Abundance: 129C, Abundance: 130C	uscan	EMPTY_4
	SC_thermo_myc_control_4	ScanId	Abundance: 130C	Abundance: 126,Abundance: 127N, Abundance: 127C,Abundance: 128N,Abundance: 128C, Abundance: 129N, Abundance: 129C, Abundance: 130C	uscan	CTRL_16
	SC_thermo_myc_control_4	ScanId	Abundance: 131	Abundance: 126,Abundance: 127N, Abundance: 127C,Abundance: 128N,Abundance: 128C, Abundance: 129N, Abundance: 129C, Abundance: 130C	uscan	CARRIER_4
	SC_thermo_myc_control_5	ScanId	Abundance: 126	Abundance: 126,Abundance: 127N, Abundance: 127C,Abundance: 128N,Abundance: 128C, Abundance: 129N, Abundance: 129C, Abundance: 130C	uscan	CTRL_17
	SC_thermo_myc_control_5	ScanId	Abundance: 127N	Abundance: 126,Abundance: 127N, Abundance: 127C,Abundance: 128N,Abundance: 128C, Abundance: 129N, Abundance: 129C, Abundance: 130C	uscan	MYC_17
	SC_thermo_myc_control_5	ScanId	Abundance: 127C	Abundance: 126,Abundance: 127N, Abundance: 127C,Abundance: 128N,Abundance: 128C, Abundance: 129N, Abundance: 129C, Abundance: 130C	uscan	CTRL_18
	SC_thermo_myc_control_5	ScanId	Abundance: 128N	Abundance: 126,Abundance: 127N, Abundance: 127C,Abundance: 128N,Abundance: 128C, Abundance: 129N, Abundance: 129C, Abundance: 130C	uscan	MYC_18
	SC_thermo_myc_control_5	ScanId	Abundance: 128C	Abundance: 126,Abundance: 127N, Abundance: 127C,Abundance: 128N,Abundance: 128C, Abundance: 129N, Abundance: 129C, Abundance: 130C	uscan	CTRL_19
	SC_thermo_myc_control_5	ScanId	Abundance: 129N	Abundance: 126,Abundance: 127N, Abundance: 127C,Abundance: 128N,Abundance: 128C, Abundance: 129N, Abundance: 129C, Abundance: 130C	uscan	MYC_19
	SC_thermo_myc_control_5	ScanId	Abundance: 129C	Abundance: 126,Abundance: 127N, Abundance: 127C,Abundance: 128N,Abundance: 128C, Abundance: 129N, Abundance: 129C, Abundance: 130C	uscan	CTRL_20
	SC_thermo_myc_control_5	ScanId	Abundance: 130N	Abundance: 126,Abundance: 127N, Abundance: 127C,Abundance: 128N,Abundance: 128C, Abundance: 129N, Abundance: 129C, Abundance: 130C	uscan	EMPTY_5
	SC_thermo_myc_control_5	ScanId	Abundance: 130C	Abundance: 126,Abundance: 127N, Abundance: 127C,Abundance: 128N,Abundance: 128C, Abundance: 129N, Abundance: 129C, Abundance: 130C	uscan	MYC_20
	SC_thermo_myc_control_5	ScanId	Abundance: 131	Abundance: 126,Abundance: 127N, Abundance: 127C,Abundance: 128N,Abundance: 128C, Abundance: 129N, Abundance: 129C, Abundance: 130C	uscan	CARRIER_5
	SC_thermo_myc_control_6	ScanId	Abundance: 126	Abundance: 126,Abundance: 127N, Abundance: 127C,Abundance: 128N,Abundance: 128C, Abundance: 129N, Abundance: 129C, Abundance: 130C	uscan	MYC_21
	SC_thermo_myc_control_6	ScanId	Abundance: 127N	Abundance: 126,Abundance: 127N, Abundance: 127C,Abundance: 128N,Abundance: 128C, Abundance: 129N, Abundance: 129C, Abundance: 130C	uscan	CTRL_21
	SC_thermo_myc_control_6	ScanId	Abundance: 127C	Abundance: 126,Abundance: 127N, Abundance: 127C,Abundance: 128N,Abundance: 128C, Abundance: 129N, Abundance: 129C, Abundance: 130C	uscan	MYC_22
	SC_thermo_myc_control_6	ScanId	Abundance: 128N	Abundance: 126,Abundance: 127N, Abundance: 127C,Abundance: 128N,Abundance: 128C, Abundance: 129N, Abundance: 129C, Abundance: 130C	uscan	CTRL_22
	SC_thermo_myc_control_6	ScanId	Abundance: 128C	Abundance: 126,Abundance: 127N, Abundance: 127C,Abundance: 128N,Abundance: 128C, Abundance: 129N, Abundance: 129C, Abundance: 130C	uscan	MYC_23
	SC_thermo_myc_control_6	ScanId	Abundance: 129N	Abundance: 126,Abundance: 127N, Abundance: 127C,Abundance: 128N,Abundance: 128C, Abundance: 129N, Abundance: 129C, Abundance: 130C	uscan	CTRL_23
	SC_thermo_myc_control_6	ScanId	Abundance: 129C	Abundance: 126,Abundance: 127N, Abundance: 127C,Abundance: 128N,Abundance: 128C, Abundance: 129N, Abundance: 129C, Abundance: 130C	uscan	MYC_24
	SC_thermo_myc_control_6	ScanId	Abundance: 130N	Abundance: 126,Abundance: 127N, Abundance: 127C,Abundance: 128N,Abundance: 128C, Abundance: 129N, Abundance: 129C, Abundance: 130C	uscan	EMPTY_6
	SC_thermo_myc_control_6	ScanId	Abundance: 130C	Abundance: 126,Abundance: 127N, Abundance: 127C,Abundance: 128N,Abundance: 128C, Abundance: 129N, Abundance: 129C, Abundance: 130C	uscan	CTRL_24
	SC_thermo_myc_control_6	ScanId	Abundance: 131	Abundance: 126,Abundance: 127N, Abundance: 127C,Abundance: 128N,Abundance: 128C, Abundance: 129N, Abundance: 129C, Abundance: 130C	uscan	CARRIER_6
	SC_thermo_myc_control_7	ScanId	Abundance: 126	Abundance: 126,Abundance: 127N, Abundance: 127C,Abundance: 128N,Abundance: 128C, Abundance: 129N, Abundance: 129C, Abundance: 130C	uscan	CTRL_25
	SC_thermo_myc_control_7	ScanId	Abundance: 127N	Abundance: 126,Abundance: 127N, Abundance: 127C,Abundance: 128N,Abundance: 128C, Abundance: 129N, Abundance: 129C, Abundance: 130C	uscan	MYC_25
	SC_thermo_myc_control_7	ScanId	Abundance: 127C	Abundance: 126,Abundance: 127N, Abundance: 127C,Abundance: 128N,Abundance: 128C, Abundance: 129N, Abundance: 129C, Abundance: 130C	uscan	CTRL_26
	SC_thermo_myc_control_7	ScanId	Abundance: 128N	Abundance: 126,Abundance: 127N, Abundance: 127C,Abundance: 128N,Abundance: 128C, Abundance: 129N, Abundance: 129C, Abundance: 130C	uscan	MYC_26
	SC_thermo_myc_control_7	ScanId	Abundance: 128C	Abundance: 126,Abundance: 127N, Abundance: 127C,Abundance: 128N,Abundance: 128C, Abundance: 129N, Abundance: 129C, Abundance: 130C	uscan	CTRL_27
	SC_thermo_myc_control_7	ScanId	Abundance: 129N	Abundance: 126,Abundance: 127N, Abundance: 127C,Abundance: 128N,Abundance: 128C, Abundance: 129N, Abundance: 129C, Abundance: 130C	uscan	MYC_27
	SC_thermo_myc_control_7	ScanId	Abundance: 129C	Abundance: 126,Abundance: 127N, Abundance: 127C,Abundance: 128N,Abundance: 128C, Abundance: 129N, Abundance: 129C, Abundance: 130C	uscan	CTRL_28
	SC_thermo_myc_control_7	ScanId	Abundance: 130N	Abundance: 126,Abundance: 127N, Abundance: 127C,Abundance: 128N,Abundance: 128C, Abundance: 129N, Abundance: 129C, Abundance: 130C	uscan	EMPTY_7
	SC_thermo_myc_control_7	ScanId	Abundance: 130C	Abundance: 126,Abundance: 127N, Abundance: 127C,Abundance: 128N,Abundance: 128C, Abundance: 129N, Abundance: 129C, Abundance: 130C	uscan	MYC_28
	SC_thermo_myc_control_7	ScanId	Abundance: 131	Abundance: 126,Abundance: 127N, Abundance: 127C,Abundance: 128N,Abundance: 128C, Abundance: 129N, Abundance: 129C, Abundance: 130C	uscan	CARRIER_7
	SC_thermo_myc_control_8	ScanId	Abundance: 126	Abundance: 126,Abundance: 127N, Abundance: 127C,Abundance: 128N,Abundance: 128C, Abundance: 129N, Abundance: 129C, Abundance: 130C	uscan	MYC_29
	SC_thermo_myc_control_8	ScanId	Abundance: 127N	Abundance: 126,Abundance: 127N, Abundance: 127C,Abundance: 128N,Abundance: 128C, Abundance: 129N, Abundance: 129C, Abundance: 130C	uscan	CTRL_29
	SC_thermo_myc_control_8	ScanId	Abundance: 127C	Abundance: 126,Abundance: 127N, Abundance: 127C,Abundance: 128N,Abundance: 128C, Abundance: 129N, Abundance: 129C, Abundance: 130C	uscan	MYC_30
	SC_thermo_myc_control_8	ScanId	Abundance: 128N	Abundance: 126,Abundance: 127N, Abundance: 127C,Abundance: 128N,Abundance: 128C, Abundance: 129N, Abundance: 129C, Abundance: 130C	uscan	CTRL_30
	SC_thermo_myc_control_8	ScanId	Abundance: 128C	Abundance: 126,Abundance: 127N, Abundance: 127C,Abundance: 128N,Abundance: 128C, Abundance: 129N, Abundance: 129C, Abundance: 130C	uscan	MYC_31
	SC_thermo_myc_control_8	ScanId	Abundance: 129N	Abundance: 126,Abundance: 127N, Abundance: 127C,Abundance: 128N,Abundance: 128C, Abundance: 129N, Abundance: 129C, Abundance: 130C	uscan	CTRL_31
	SC_thermo_myc_control_8	ScanId	Abundance: 129C	Abundance: 126,Abundance: 127N, Abundance: 127C,Abundance: 128N,Abundance: 128C, Abundance: 129N, Abundance: 129C, Abundance: 130C	uscan	MYC_32
	SC_thermo_myc_control_8	ScanId	Abundance: 130N	Abundance: 126,Abundance: 127N, Abundance: 127C,Abundance: 128N,Abundance: 128C, Abundance: 129N, Abundance: 129C, Abundance: 130C	uscan	EMPTY_8
	SC_thermo_myc_control_8	ScanId	Abundance: 130C	Abundance: 126,Abundance: 127N, Abundance: 127C,Abundance: 128N,Abundance: 128C, Abundance: 129N, Abundance: 129C, Abundance: 130C	uscan	CTRL_32
	SC_thermo_myc_control_8	ScanId	Abundance: 131	Abundance: 126,Abundance: 127N, Abundance: 127C,Abundance: 128N,Abundance: 128C, Abundance: 129N, Abundance: 129C, Abundance: 130C	uscan	CARRIER_8
	SC_thermo_myc_control_9	ScanId	Abundance: 126	Abundance: 126,Abundance: 127N, Abundance: 127C,Abundance: 128N,Abundance: 128C, Abundance: 129N, Abundance: 129C, Abundance: 130C	uscan	CTRL_33
	SC_thermo_myc_control_9	ScanId	Abundance: 127N	Abundance: 126,Abundance: 127N, Abundance: 127C,Abundance: 128N,Abundance: 128C, Abundance: 129N, Abundance: 129C, Abundance: 130C	uscan	MYC_33
	SC_thermo_myc_control_9	ScanId	Abundance: 127C	Abundance: 126,Abundance: 127N, Abundance: 127C,Abundance: 128N,Abundance: 128C, Abundance: 129N, Abundance: 129C, Abundance: 130C	uscan	CTRL_34
	SC_thermo_myc_control_9	ScanId	Abundance: 128N	Abundance: 126,Abundance: 127N, Abundance: 127C,Abundance: 128N,Abundance: 128C, Abundance: 129N, Abundance: 129C, Abundance: 130C	uscan	MYC_34
	SC_thermo_myc_control_9	ScanId	Abundance: 128C	Abundance: 126,Abundance: 127N, Abundance: 127C,Abundance: 128N,Abundance: 128C, Abundance: 129N, Abundance: 129C, Abundance: 130C	uscan	CTRL_35
	SC_thermo_myc_control_9	ScanId	Abundance: 129N	Abundance: 126,Abundance: 127N, Abundance: 127C,Abundance: 128N,Abundance: 128C, Abundance: 129N, Abundance: 129C, Abundance: 130C	uscan	MYC_35
	SC_thermo_myc_control_9	ScanId	Abundance: 129C	Abundance: 126,Abundance: 127N, Abundance: 127C,Abundance: 128N,Abundance: 128C, Abundance: 129N, Abundance: 129C, Abundance: 130C	uscan	CTRL_36
	SC_thermo_myc_control_9	ScanId	Abundance: 130N	Abundance: 126,Abundance: 127N, Abundance: 127C,Abundance: 128N,Abundance: 128C, Abundance: 129N, Abundance: 129C, Abundance: 130C	uscan	EMPTY_9
	SC_thermo_myc_control_9	ScanId	Abundance: 130C	Abundance: 126,Abundance: 127N, Abundance: 127C,Abundance: 128N,Abundance: 128C, Abundance: 129N, Abundance: 129C, Abundance: 130C	uscan	MYC_36
	SC_thermo_myc_control_9	ScanId	Abundance: 131	Abundance: 126,Abundance: 127N, Abundance: 127C,Abundance: 128N,Abundance: 128C, Abundance: 129N, Abundance: 129C, Abundance: 130C	uscan	CARRIER_9
	SC_thermo_myc_control_10	ScanId	Abundance: 126	Abundance: 126,Abundance: 127N, Abundance: 127C,Abundance: 128N,Abundance: 128C, Abundance: 129N, Abundance: 129C, Abundance: 130C	uscan	MYC_37
	SC_thermo_myc_control_10	ScanId	Abundance: 127N	Abundance: 126,Abundance: 127N, Abundance: 127C,Abundance: 128N,Abundance: 128C, Abundance: 129N, Abundance: 129C, Abundance: 130C	uscan	CTRL_37
	SC_thermo_myc_control_10	ScanId	Abundance: 127C	Abundance: 126,Abundance: 127N, Abundance: 127C,Abundance: 128N,Abundance: 128C, Abundance: 129N, Abundance: 129C, Abundance: 130C	uscan	MYC_38
	SC_thermo_myc_control_10	ScanId	Abundance: 128N	Abundance: 126,Abundance: 127N, Abundance: 127C,Abundance: 128N,Abundance: 128C, Abundance: 129N, Abundance: 129C, Abundance: 130C	uscan	CTRL_38
	SC_thermo_myc_control_10	ScanId	Abundance: 128C	Abundance: 126,Abundance: 127N, Abundance: 127C,Abundance: 128N,Abundance: 128C, Abundance: 129N, Abundance: 129C, Abundance: 130C	uscan	MYC_39
	SC_thermo_myc_control_10	ScanId	Abundance: 129N	Abundance: 126,Abundance: 127N, Abundance: 127C,Abundance: 128N,Abundance: 128C, Abundance: 129N, Abundance: 129C, Abundance: 130C	uscan	CTRL_39
	SC_thermo_myc_control_10	ScanId	Abundance: 129C	Abundance: 126,Abundance: 127N, Abundance: 127C,Abundance: 128N,Abundance: 128C, Abundance: 129N, Abundance: 129C, Abundance: 130C	uscan	MYC_40
	SC_thermo_myc_control_10	ScanId	Abundance: 130N	Abundance: 126,Abundance: 127N, Abundance: 127C,Abundance: 128N,Abundance: 128C, Abundance: 129N, Abundance: 129C, Abundance: 130C	uscan	EMPTY_10
	SC_thermo_myc_control_10	ScanId	Abundance: 130C	Abundance: 126,Abundance: 127N, Abundance: 127C,Abundance: 128N,Abundance: 128C, Abundance: 129N, Abundance: 129C, Abundance: 130C	uscan	CTRL_40
	SC_thermo_myc_control_10	ScanId	Abundance: 131	Abundance: 126,Abundance: 127N, Abundance: 127C,Abundance: 128N,Abundance: 128C, Abundance: 129N, Abundance: 129C, Abundance: 130C	uscan	CARRIER_10
	SC_thermo_myc_control_11	ScanId	Abundance: 126	Abundance: 126,Abundance: 127N, Abundance: 127C,Abundance: 128N,Abundance: 128C, Abundance: 129N, Abundance: 129C, Abundance: 130C	uscan	CTRL_41
	SC_thermo_myc_control_11	ScanId	Abundance: 127N	Abundance: 126,Abundance: 127N, Abundance: 127C,Abundance: 128N,Abundance: 128C, Abundance: 129N, Abundance: 129C, Abundance: 130C	uscan	MYC_41
	SC_thermo_myc_control_11	ScanId	Abundance: 127C	Abundance: 126,Abundance: 127N, Abundance: 127C,Abundance: 128N,Abundance: 128C, Abundance: 129N, Abundance: 129C, Abundance: 130C	uscan	CTRL_42
	SC_thermo_myc_control_11	ScanId	Abundance: 128N	Abundance: 126,Abundance: 127N, Abundance: 127C,Abundance: 128N,Abundance: 128C, Abundance: 129N, Abundance: 129C, Abundance: 130C	uscan	MYC_42
	SC_thermo_myc_control_11	ScanId	Abundance: 128C	Abundance: 126,Abundance: 127N, Abundance: 127C,Abundance: 128N,Abundance: 128C, Abundance: 129N, Abundance: 129C, Abundance: 130C	uscan	CTRL_43
	SC_thermo_myc_control_11	ScanId	Abundance: 129N	Abundance: 126,Abundance: 127N, Abundance: 127C,Abundance: 128N,Abundance: 128C, Abundance: 129N, Abundance: 129C, Abundance: 130C	uscan	MYC_43
	SC_thermo_myc_control_11	ScanId	Abundance: 129C	Abundance: 126,Abundance: 127N, Abundance: 127C,Abundance: 128N,Abundance: 128C, Abundance: 129N, Abundance: 129C, Abundance: 130C	uscan	CTRL_44
	SC_thermo_myc_control_11	ScanId	Abundance: 130N	Abundance: 126,Abundance: 127N, Abundance: 127C,Abundance: 128N,Abundance: 128C, Abundance: 129N, Abundance: 129C, Abundance: 130C	uscan	EMPTY_11
	SC_thermo_myc_control_11	ScanId	Abundance: 130C	Abundance: 126,Abundance: 127N, Abundance: 127C,Abundance: 128N,Abundance: 128C, Abundance: 129N, Abundance: 129C, Abundance: 130C	uscan	MYC_44
	SC_thermo_myc_control_11	ScanId	Abundance: 131	Abundance: 126,Abundance: 127N, Abundance: 127C,Abundance: 128N,Abundance: 128C, Abundance: 129N, Abundance: 129C, Abundance: 130C	uscan	CARRIER_11
	SC_thermo_myc_control_12	ScanId	Abundance: 126	Abundance: 126,Abundance: 127N, Abundance: 127C,Abundance: 128N,Abundance: 128C, Abundance: 129N, Abundance: 129C, Abundance: 130C	uscan	MYC_45
	SC_thermo_myc_control_12	ScanId	Abundance: 127N	Abundance: 126,Abundance: 127N, Abundance: 127C,Abundance: 128N,Abundance: 128C, Abundance: 129N, Abundance: 129C, Abundance: 130C	uscan	CTRL_45
	SC_thermo_myc_control_12	ScanId	Abundance: 127C	Abundance: 126,Abundance: 127N, Abundance: 127C,Abundance: 128N,Abundance: 128C, Abundance: 129N, Abundance: 129C, Abundance: 130C	uscan	MYC_46
	SC_thermo_myc_control_12	ScanId	Abundance: 128N	Abundance: 126,Abundance: 127N, Abundance: 127C,Abundance: 128N,Abundance: 128C, Abundance: 129N, Abundance: 129C, Abundance: 130C	uscan	CTRL_46
	SC_thermo_myc_control_12	ScanId	Abundance: 128C	Abundance: 126,Abundance: 127N, Abundance: 127C,Abundance: 128N,Abundance: 128C, Abundance: 129N, Abundance: 129C, Abundance: 130C	uscan	MYC_47
	SC_thermo_myc_control_12	ScanId	Abundance: 129N	Abundance: 126,Abundance: 127N, Abundance: 127C,Abundance: 128N,Abundance: 128C, Abundance: 129N, Abundance: 129C, Abundance: 130C	uscan	CTRL_47
	SC_thermo_myc_control_12	ScanId	Abundance: 129C	Abundance: 126,Abundance: 127N, Abundance: 127C,Abundance: 128N,Abundance: 128C, Abundance: 129N, Abundance: 129C, Abundance: 130C	uscan	MYC_48
	SC_thermo_myc_control_12	ScanId	Abundance: 130N	Abundance: 126,Abundance: 127N, Abundance: 127C,Abundance: 128N,Abundance: 128C, Abundance: 129N, Abundance: 129C, Abundance: 130C	uscan	EMPTY_12
	SC_thermo_myc_control_12	ScanId	Abundance: 130C	Abundance: 126,Abundance: 127N, Abundance: 127C,Abundance: 128N,Abundance: 128C, Abundance: 129N, Abundance: 129C, Abundance: 130C	uscan	CTRL_48
	SC_thermo_myc_control_12	ScanId	Abundance: 131	Abundance: 126,Abundance: 127N, Abundance: 127C,Abundance: 128N,Abundance: 128C, Abundance: 129N, Abundance: 129C, Abundance: 130C	uscan	CARRIER_12
						