"force"	"output"	"inf_headers"	"sup_headers"	"thr_headers"	"rels_infiles"
	uscan2expeptide	ScanId	ExPepId		
	uscan2peptide	ScanId	PepId		
	scan2peptide	ScanId	PepId		
	peptide2protein	PepId	Protein_MPP		
	peptide2peptideall	PepId	[1]		
	protein2proteinall	Protein_MPP	[1]		
	protein2description	Protein_MPP	Prot_Desc_MPP		
	protein2category	Protein	Category		S:\U_Proteomica\UNIDAD\Softwares\jmrodriguezc\iSanXoT\studies\cases\SCP\mouse_202105.pid2cat.tsv
	category2categoryall	Category	[1]		S:\U_Proteomica\UNIDAD\Softwares\jmrodriguezc\iSanXoT\studies\cases\SCP\mouse_202105.pid2cat.tsv
	protein2organelle	Hit	Category		S:\U_Proteomica\UNIDAD\Softwares\jmrodriguezc\iSanXoT\studies\cases\SCP\26march021_Q2O_RELATIONFILE_mouse_UP000000589_202007_sw_TABLE_2.txt
					