"force"	"experiment"	"feat_col"	"ratio_numerator"	"ratio_denominator"	"level"	"output"
	ISG15_iTRAQ1	Scan_Id	113	113, 117	u_scan	WT-C-1
	ISG15_iTRAQ1	Scan_Id	114	113, 117	u_scan	WT-AngII-1
	ISG15_iTRAQ1	Scan_Id	115	113, 117	u_scan	ISG15-C-1
	ISG15_iTRAQ1	Scan_Id	116	113, 117	u_scan	ISG15-AngII-1
	ISG15_iTRAQ1	Scan_Id	117	113, 117	u_scan	WT-C-2
	ISG15_iTRAQ1	Scan_Id	118	113, 117	u_scan	WT-AngII-2
	ISG15_iTRAQ1	Scan_Id	119	113, 117	u_scan	ISG15-C-2
	ISG15_iTRAQ1	Scan_Id	121	113, 117	u_scan	ISG15-AngII-2
	ISG15_iTRAQ2	Scan_Id	113	113, 117	u_scan	WT-C-3
	ISG15_iTRAQ2	Scan_Id	114	113, 117	u_scan	WT-AngII-3
	ISG15_iTRAQ2	Scan_Id	115	113, 117	u_scan	ISG15-C-3
	ISG15_iTRAQ2	Scan_Id	116	113, 117	u_scan	ISG15-AngII-3
	ISG15_iTRAQ2	Scan_Id	117	113, 117	u_scan	WT-C-4
	ISG15_iTRAQ2	Scan_Id	118	113, 117	u_scan	WT-AngII-4
	ISG15_iTRAQ2	Scan_Id	119	113, 117	u_scan	ISG15-C-4
	ISG15_iTRAQ2	Scan_Id	121	113, 117	u_scan	ISG15-AngII-4
						