"force"	"output"	"inf_headers"	"sup_headers"	"thr_headers"	"rels_infiles"
	u_scan2peptide	Scan_Id	Pep_Id		
	scan2peptide	Scan_Id	Pep_Id		
	peptide2protein	Pep_Id	Master Protein Accessions		
	protein2proteinall	Master Protein Accessions	[1]		
	protein2category	Protein	Category		S:\U_Proteomica\UNIDAD\DatosCrudos\jmrodriguezc\projects\iSanXoT.wiki\studies\cases\WSPP_NORCOM_RATIOS_SBT\uniprot-MusMusculus_GOanotationDavid_enero2018_rels_v8_Protein2Category.txt
	category2categoryall	Category	[1]		S:\U_Proteomica\UNIDAD\DatosCrudos\jmrodriguezc\projects\iSanXoT.wiki\studies\cases\WSPP_NORCOM_RATIOS_SBT\uniprot-MusMusculus_GOanotationDavid_enero2018_rels_v8_Protein2Category.txt
					