force	input_group	low_level	hig_level	reported_vars	output	show_level	rep_file	rel_file	outliers	filter
	*	peptide	protein	n	Npep2prot					
	"ISG15-AngII-1 , ISG15-AngII-2 , ISG15-AngII-3 , ISG15-AngII-4 , ISG15-AngII , ISG15-C-1 , ISG15-C-2 , ISG15-C-3 , ISG15-C-4 , ISG15-C , ISG15-AngIIvsISG15-C"	protein	proteinall	"Z , FDR"	Npep2prot_Quanprot_ISG15_filtered	peptide	Npep2prot			(Z_protein2proteinall@ISG15-AngIIvsISG15-C <= -1 | Z_protein2proteinall@ISG15-AngIIvsISG15-C >= 1) & (n_peptide2protein >= 2)
	"WT-AngII-1 , WT-AngII-2 , WT-AngII-3 , WT-AngII-4 , WT-AngII , WT-C-1 , WT-C-2 , WT-C-3 , WT-C-4 , WT-C , WT-AngIIvsWT-C"	protein	proteinall	"Z , FDR"	Npep2prot_Quanprot_WT_filtered	peptide	Npep2prot			(n_peptide2protein > 4)
	"ISG15-AngIIvsISG15-C , WT-AngIIvsWT-C"	protein	category	n	Nprot2cat					
	"ISG15-AngIIvsISG15-C , WT-AngIIvsWT-C"	category	categoryall	"Z , FDR"	Nprot2cat_Quancat_filtered	protein	Nprot2cat			(Z_category2categoryall <= -2 | Z_category2categoryall >= 2) & (n_protein2category >= 7) & (n_protein2category <= 100)
	"ISG15-AngIIvsISG15-C , WT-AngIIvsWT-C"	protein	proteinall	"Z , FDR"	Nprot2cat_Quanprot		Nprot2cat			
	"ISG15-AngIIvsISG15-C , WT-AngIIvsWT-C"	category	categoryall	"Z , FDR"	Nprot2cat_Quancat_Quanprot_filtered		Nprot2cat_Quanprot			(n_protein2category >= 5) & (n_protein2category <= 100)
