"force"	"output"	"inf_headers"	"sup_headers"	"thr_headers"	"rels_infiles"
	uscan2peptide	Scan_Id	Pep_Id		
	scan2peptide	Scan_Id	Pep_Id		
	peptide2protein	Pep_Id	Master Protein Accessions		
	peptide2peptideall	Pep_Id	[1]		
	protein2proteinall	Master Protein Accessions	[1]		
	protein2description	Master Protein Accessions	Master Protein Descriptions		
	protein2category	Protein	Category		S:\U_Proteomica\UNIDAD\DatosCrudos\jmrodriguezc\projects\iSanXoT.wiki\studies\cases\WSPP-SBT\DAVID_IPA_merged_noDups_feb14_IJ.txt
	category2categoryall	Category	[1]		S:\U_Proteomica\UNIDAD\DatosCrudos\jmrodriguezc\projects\iSanXoT.wiki\studies\cases\WSPP-SBT\DAVID_IPA_merged_noDups_feb14_IJ.txt
					