"force"	"batch"	"feat_col"	"ratio_numerator"	"ratio_denominator"	"level"	"output"
	Muscle	ScanID	126	126,127N,127C,129N,130N,130C,131	uscan	C1
	Muscle	ScanID	127N	126,127N,127C,129N,130N,130C,131	uscan	C2
	Muscle	ScanID	127C	126,127N,127C,129N,130N,130C,131	uscan	C3
	Muscle	ScanID	129N	126,127N,127C,129N,130N,130C,131	uscan	H1
	Muscle	ScanID	130N	126,127N,127C,129N,130N,130C,131	uscan	H2
	Muscle	ScanID	130C	126,127N,127C,129N,130N,130C,131	uscan	H3
	Muscle	ScanID	131	126,127N,127C,129N,130N,130C,131	uscan	H4
						