"force"	"output"	"inf_headers"	"sup_headers"	"thr_headers"	"rels_infiles"
	uscan2pdm	ScanID	SiteSequence		
	scan2pdm	ScanID	SiteSequence		
	pdm2pgm	pdm	pgm		S:\U_Proteomica\UNIDAD\Softwares\jmrodriguezc\iSanXoT\studies\cases\PTM-compass\DMTable_PeakAssignation_FDRfiltered_DM0S_PA_T_PeakAssignation_SS_Muscle_FDR_PDMTable_GM_J.txt
	pgm2p	pgm	p		S:\U_Proteomica\UNIDAD\Softwares\jmrodriguezc\iSanXoT\studies\cases\PTM-compass\DMTable_PeakAssignation_FDRfiltered_DM0S_PA_T_PeakAssignation_SS_Muscle_FDR_PDMTable_GM_J.txt
	p2qc	p	qc		S:\U_Proteomica\UNIDAD\Softwares\jmrodriguezc\iSanXoT\studies\cases\PTM-compass\DMTable_PeakAssignation_FDRfiltered_DM0S_PA_T_PeakAssignation_SS_Muscle_FDR_PDMTable_GM_J.txt
	qc2q	qc	q		S:\U_Proteomica\UNIDAD\Softwares\jmrodriguezc\iSanXoT\studies\cases\PTM-compass\DMTable_PeakAssignation_FDRfiltered_DM0S_PA_T_PeakAssignation_SS_Muscle_FDR_PDMTable_GM_J.txt
	q2all	q	[1]		S:\U_Proteomica\UNIDAD\Softwares\jmrodriguezc\iSanXoT\studies\cases\PTM-compass\DMTable_PeakAssignation_FDRfiltered_DM0S_PA_T_PeakAssignation_SS_Muscle_FDR_PDMTable_GM_J.txt
					