"force"	"input_group"	"low_level"	"hig_level"	"reported_vars"	"output"	"show_level"	"rep_file"	"rel_file"	"filter"
	2h-AngII , 4h-AngII , 6h-AngII , 8h-AngII , 10h-AngII	peptide	protein	n	Npep2prot				
	2h-AngII , 4h-AngII , 6h-AngII , 8h-AngII , 10h-AngII	protein	proteinall	Z , FDR	Npep2prot_Quanprot_filtered	peptide	Npep2prot	protein2description	FDR_protein2proteinall < 0.01
	2h-AngII , 4h-AngII , 6h-AngII , 8h-AngII , 10h-AngII	protein	category	n	Nprot2cat				
	2h-AngII , 4h-AngII , 6h-AngII , 8h-AngII , 10h-AngII	category	categoryall	Z , FDR	Nprot2cat_Quancat_filtered	protein	Nprot2cat		FDR_category2categoryall < 0.01
	2h-AngII , 4h-AngII , 6h-AngII , 8h-AngII , 10h-AngII	protein	proteinall	Z , FDR	Npep2prot_Quanprot	peptide	Npep2prot		
	2h-AngII , 4h-AngII , 6h-AngII , 8h-AngII , 10h-AngII	category	categoryall	Z , FDR	Nprot2cat_Quancat_Quanprot_filtered		Nprot2cat , Npep2prot_Quanprot		(n_protein2category >=5) & (n_protein2category <= 100)
	2h-AngII , 4h-AngII , 6h-AngII , 8h-AngII , 10h-AngII	category	categoryall	Xinf , FDR	Nprot2cat_Quancat_Xinf		Nprot2cat		
									