"force"	"experiment"	"feat_col"	"ratio_numerator"	"ratio_denominator"	"level"	"output"
		Peptide_Id	Intensity B_01	[Intensity A_01 , Intensity A_02 , Intensity A_03 , Intensity A_04] , [Intensity B_01 , Intensity B_02 , Intensity B_03 , Intensity B_04]	u_peptide	b1
		Peptide_Id	Intensity B_02	[Intensity A_01 , Intensity A_02 , Intensity A_03 , Intensity A_04] , [Intensity B_01 , Intensity B_02 , Intensity B_03 , Intensity B_04]	u_peptide	b2
		Peptide_Id	Intensity B_03	[Intensity A_01 , Intensity A_02 , Intensity A_03 , Intensity A_04] , [Intensity B_01 , Intensity B_02 , Intensity B_03 , Intensity B_04]	u_peptide	b3
		Peptide_Id	Intensity B_04	[Intensity A_01 , Intensity A_02 , Intensity A_03 , Intensity A_04] , [Intensity B_01 , Intensity B_02 , Intensity B_03 , Intensity B_04]	u_peptide	b4
		Peptide_Id	Intensity A_01	[Intensity A_01 , Intensity A_02 , Intensity A_03 , Intensity A_04] , [Intensity B_01 , Intensity B_02 , Intensity B_03 , Intensity B_04]	u_peptide	a1
		Peptide_Id	Intensity A_02	[Intensity A_01 , Intensity A_02 , Intensity A_03 , Intensity A_04] , [Intensity B_01 , Intensity B_02 , Intensity B_03 , Intensity B_04]	u_peptide	a2
		Peptide_Id	Intensity A_03	[Intensity A_01 , Intensity A_02 , Intensity A_03 , Intensity A_04] , [Intensity B_01 , Intensity B_02 , Intensity B_03 , Intensity B_04]	u_peptide	a3
		Peptide_Id	Intensity A_04	[Intensity A_01 , Intensity A_02 , Intensity A_03 , Intensity A_04] , [Intensity B_01 , Intensity B_02 , Intensity B_03 , Intensity B_04]	u_peptide	a4
						