"force"	"batch"	"feat_col"	"ratio_numerator"	"ratio_denominator"	"level"	"output"
	Heart	ScanID	126	126,127N,127C,129N,130N,130C,131	uscan	C1
	Heart	ScanID	127N	126,127N,127C,129N,130N,130C,131	uscan	C2
	Heart	ScanID	127C	126,127N,127C,129N,130N,130C,131	uscan	C3
	Heart	ScanID	129N	126,127N,127C,129N,130N,130C,131	uscan	H1
	Heart	ScanID	130N	126,127N,127C,129N,130N,130C,131	uscan	H2
	Heart	ScanID	130C	126,127N,127C,129N,130N,130C,131	uscan	H3
	Heart	ScanID	131	126,127N,127C,129N,130N,130C,131	uscan	H4
						