"force"	"batch"	"feat_col"	"ratio_numerator"	"ratio_denominator"	"level"	"output"
		Precursor.Id	Treat_FR1_Rep1	[Control_FR1_Rep1, Control_FR1_Rep2, Control_FR1_Rep3, Control_FR1_Rep4]	u_precursor	Treat_FR1_Rep1
		Precursor.Id	Treat_FR1_Rep2	[Control_FR1_Rep1, Control_FR1_Rep2, Control_FR1_Rep3, Control_FR1_Rep4]	u_precursor	Treat_FR1_Rep2
		Precursor.Id	Treat_FR1_Rep3	[Control_FR1_Rep1, Control_FR1_Rep2, Control_FR1_Rep3, Control_FR1_Rep4]	u_precursor	Treat_FR1_Rep3
		Precursor.Id	Treat_FR1_Rep4	[Control_FR1_Rep1, Control_FR1_Rep2, Control_FR1_Rep3, Control_FR1_Rep4]	u_precursor	Treat_FR1_Rep4
						